entity_id,counterparty_id
CP-000000,ENT-004520
CP-000001,ENT-006609
CP-000002,ENT-007193
CP-000003,ENT-001113
CP-000004,ENT-001835
CP-000005,ENT-008250
CP-000006,ENT-003751
CP-000007,ENT-001995
CP-000008,ENT-003335
CP-000009,ENT-009298
CP-000010,ENT-003893
CP-000011,ENT-002158
CP-000012,ENT-008968
CP-000013,ENT-006914
CP-000014,ENT-003415
CP-000015,ENT-000147
CP-000016,ENT-006863
CP-000017,ENT-008572
CP-000018,ENT-009165
CP-000019,ENT-009717
CP-000020,ENT-007007
CP-000021,ENT-000963
CP-000022,ENT-008619
CP-000023,ENT-004851
CP-000024,ENT-000142
CP-000025,ENT-005887
CP-000026,ENT-003826
CP-000027,ENT-003583
CP-000028,ENT-003934
CP-000029,ENT-006298
CP-000030,ENT-002625
CP-000031,ENT-004590
CP-000032,ENT-004761
CP-000033,ENT-004291
CP-000034,ENT-004391
CP-000035,ENT-006336
CP-000036,ENT-005702
CP-000037,ENT-006205
CP-000038,ENT-000871
CP-000039,ENT-002673
CP-000040,ENT-006049
CP-000041,ENT-000829
CP-000042,ENT-005433
CP-000043,ENT-009794
CP-000044,ENT-007348
CP-000045,ENT-001651
CP-000046,ENT-003135
CP-000047,ENT-009330
CP-000048,ENT-008755
CP-000049,ENT-007099
CP-000050,ENT-003659
CP-000051,ENT-008087
CP-000052,ENT-000831
CP-000053,ENT-001250
CP-000054,ENT-000964
CP-000055,ENT-007518
CP-000056,ENT-007585
CP-000057,ENT-004722
CP-000058,ENT-005746
CP-000059,ENT-008877
CP-000060,ENT-008309
CP-000061,ENT-003926
CP-000062,ENT-006080
CP-000063,ENT-009350
CP-000064,ENT-008723
CP-000065,ENT-005635
CP-000066,ENT-009117
CP-000067,ENT-003680
CP-000068,ENT-005245
CP-000069,ENT-000957
CP-000070,ENT-003568
CP-000071,ENT-002736
CP-000072,ENT-002009
CP-000073,ENT-003938
CP-000074,ENT-004523
CP-000075,ENT-001269
CP-000076,ENT-003444
CP-000077,ENT-003887
CP-000078,ENT-003747
CP-000079,ENT-004895
CP-000080,ENT-004365
CP-000081,ENT-009197
CP-000082,ENT-002228
CP-000083,ENT-002547
CP-000084,ENT-000739
CP-000085,ENT-005266
CP-000086,ENT-007846
CP-000087,ENT-001000
CP-000088,ENT-004602
CP-000089,ENT-009152
CP-000090,ENT-002057
CP-000091,ENT-003815
CP-000092,ENT-000329
CP-000093,ENT-003654
CP-000094,ENT-008868
CP-000095,ENT-004844
CP-000096,ENT-002855
CP-000097,ENT-008244
CP-000098,ENT-000799
CP-000099,ENT-009614
CP-000100,ENT-009252
CP-000101,ENT-003882
CP-000102,ENT-005290
CP-000103,ENT-005611
CP-000104,ENT-007208
CP-000105,ENT-007295
CP-000106,ENT-007187
CP-000107,ENT-007984
CP-000108,ENT-001343
CP-000109,ENT-005281
CP-000110,ENT-003546
CP-000111,ENT-000908
CP-000112,ENT-003092
CP-000113,ENT-003038
CP-000114,ENT-008452
CP-000115,ENT-009410
CP-000116,ENT-000673
CP-000117,ENT-009632
CP-000118,ENT-006558
CP-000119,ENT-001403
CP-000120,ENT-002591
CP-000121,ENT-006160
CP-000122,ENT-004866
CP-000123,ENT-002701
CP-000124,ENT-001496
CP-000125,ENT-001055
CP-000126,ENT-002774
CP-000127,ENT-005624
CP-000128,ENT-005859
CP-000129,ENT-008541
CP-000130,ENT-009459
CP-000131,ENT-001707
CP-000132,ENT-006953
CP-000133,ENT-000858
CP-000134,ENT-009118
CP-000135,ENT-008935
CP-000136,ENT-006735
CP-000137,ENT-009934
CP-000138,ENT-000838
CP-000139,ENT-008781
CP-000140,ENT-002153
CP-000141,ENT-006053
CP-000142,ENT-000624
CP-000143,ENT-004075
CP-000144,ENT-009973
CP-000145,ENT-003013
CP-000146,ENT-004178
CP-000147,ENT-007937
CP-000148,ENT-006711
CP-000149,ENT-005304
CP-000150,ENT-003002
CP-000151,ENT-005894
CP-000152,ENT-007855
CP-000153,ENT-001018
CP-000154,ENT-003252
CP-000155,ENT-003011
CP-000156,ENT-008137
CP-000157,ENT-006168
CP-000158,ENT-002801
CP-000159,ENT-007731
CP-000160,ENT-006905
CP-000161,ENT-002964
CP-000162,ENT-001240
CP-000163,ENT-005910
CP-000164,ENT-001739
CP-000165,ENT-003187
CP-000166,ENT-004734
CP-000167,ENT-004135
CP-000168,ENT-007333
CP-000169,ENT-001128
CP-000170,ENT-000611
CP-000171,ENT-007303
CP-000172,ENT-005946
CP-000173,ENT-003344
CP-000174,ENT-004635
CP-000175,ENT-005430
CP-000176,ENT-004618
CP-000177,ENT-002256
CP-000178,ENT-005804
CP-000179,ENT-007880
CP-000180,ENT-001913
CP-000181,ENT-004923
CP-000182,ENT-008510
CP-000183,ENT-007545
CP-000184,ENT-007248
CP-000185,ENT-003075
CP-000186,ENT-004693
CP-000187,ENT-005895
CP-000188,ENT-005939
CP-000189,ENT-003144
CP-000190,ENT-004709
CP-000191,ENT-002563
CP-000192,ENT-001097
CP-000193,ENT-001474
CP-000194,ENT-006314
CP-000195,ENT-008187
CP-000196,ENT-000498
CP-000197,ENT-008286
CP-000198,ENT-007375
CP-000199,ENT-009043
CP-000200,ENT-005424
CP-000201,ENT-000339
CP-000202,ENT-007003
CP-000203,ENT-009855
CP-000204,ENT-002412
CP-000205,ENT-006870
CP-000206,ENT-008186
CP-000207,ENT-006549
CP-000208,ENT-002776
CP-000209,ENT-001156
CP-000210,ENT-002387
CP-000211,ENT-006580
CP-000212,ENT-002708
CP-000213,ENT-002399
CP-000214,ENT-000965
CP-000215,ENT-002679
CP-000216,ENT-009520
CP-000217,ENT-002369
CP-000218,ENT-006748
CP-000219,ENT-004287
CP-000220,ENT-004000
CP-000221,ENT-005787
CP-000222,ENT-002053
CP-000223,ENT-005098
CP-000224,ENT-001792
CP-000225,ENT-007892
CP-000226,ENT-007203
CP-000227,ENT-006939
CP-000228,ENT-005043
CP-000229,ENT-007141
CP-000230,ENT-009231
CP-000231,ENT-002608
CP-000232,ENT-009985
CP-000233,ENT-004720
CP-000234,ENT-008667
CP-000235,ENT-007501
CP-000236,ENT-000374
CP-000237,ENT-007052
CP-000238,ENT-005892
CP-000239,ENT-003688
CP-000240,ENT-008684
CP-000241,ENT-001889
CP-000242,ENT-004683
CP-000243,ENT-005827
CP-000244,ENT-000187
CP-000245,ENT-008746
CP-000246,ENT-003475
CP-000247,ENT-008055
CP-000248,ENT-005510
CP-000249,ENT-003758
CP-000250,ENT-006338
CP-000251,ENT-004995
CP-000252,ENT-009354
CP-000253,ENT-003394
CP-000254,ENT-002398
CP-000255,ENT-006606
CP-000256,ENT-008283
CP-000257,ENT-000927
CP-000258,ENT-008341
CP-000259,ENT-006892
CP-000260,ENT-000048
CP-000261,ENT-002846
CP-000262,ENT-001363
CP-000263,ENT-008633
CP-000264,ENT-006463
CP-000265,ENT-007140
CP-000266,ENT-007825
CP-000267,ENT-007214
CP-000268,ENT-002541
CP-000269,ENT-005357
CP-000270,ENT-001233
CP-000271,ENT-000618
CP-000272,ENT-009909
CP-000273,ENT-005621
CP-000274,ENT-009142
CP-000275,ENT-005446
CP-000276,ENT-009573
CP-000277,ENT-002912
CP-000278,ENT-007382
CP-000279,ENT-009479
CP-000280,ENT-001510
CP-000281,ENT-008623
CP-000282,ENT-005065
CP-000283,ENT-002565
CP-000284,ENT-003328
CP-000285,ENT-007970
CP-000286,ENT-005474
CP-000287,ENT-003308
CP-000288,ENT-000466
CP-000289,ENT-001514
CP-000290,ENT-000301
CP-000291,ENT-006334
CP-000292,ENT-009713
CP-000293,ENT-005084
CP-000294,ENT-006830
CP-000295,ENT-007621
CP-000296,ENT-005561
CP-000297,ENT-006186
CP-000298,ENT-009661
CP-000299,ENT-003552
CP-000300,ENT-003172
CP-000301,ENT-008509
CP-000302,ENT-004993
CP-000303,ENT-008434
CP-000304,ENT-003840
CP-000305,ENT-001891
CP-000306,ENT-005722
CP-000307,ENT-000361
CP-000308,ENT-001261
CP-000309,ENT-006482
CP-000310,ENT-006520
CP-000311,ENT-007471
CP-000312,ENT-008354
CP-000313,ENT-008172
CP-000314,ENT-005876
CP-000315,ENT-008674
CP-000316,ENT-005516
CP-000317,ENT-001996
CP-000318,ENT-007867
CP-000319,ENT-008289
CP-000320,ENT-002241
CP-000321,ENT-003773
CP-000322,ENT-006728
CP-000323,ENT-009873
CP-000324,ENT-004455
CP-000325,ENT-009428
CP-000326,ENT-000051
CP-000327,ENT-006724
CP-000328,ENT-004913
CP-000329,ENT-007677
CP-000330,ENT-005723
CP-000331,ENT-000091
CP-000332,ENT-008735
CP-000333,ENT-008661
CP-000334,ENT-000332
CP-000335,ENT-003864
CP-000336,ENT-006906
CP-000337,ENT-006096
CP-000338,ENT-007089
CP-000339,ENT-005124
CP-000340,ENT-001790
CP-000341,ENT-000518
CP-000342,ENT-008456
CP-000343,ENT-001346
CP-000344,ENT-002196
CP-000345,ENT-008335
CP-000346,ENT-006593
CP-000347,ENT-001027
CP-000348,ENT-003697
CP-000349,ENT-009529
CP-000350,ENT-003391
CP-000351,ENT-009962
CP-000352,ENT-009507
CP-000353,ENT-004054
CP-000354,ENT-000712
CP-000355,ENT-007035
CP-000356,ENT-001151
CP-000357,ENT-008852
CP-000358,ENT-007342
CP-000359,ENT-003012
CP-000360,ENT-002072
CP-000361,ENT-007652
CP-000362,ENT-004890
CP-000363,ENT-005194
CP-000364,ENT-002287
CP-000365,ENT-007025
CP-000366,ENT-000251
CP-000367,ENT-001626
CP-000368,ENT-000119
CP-000369,ENT-000665
CP-000370,ENT-006643
CP-000371,ENT-004384
CP-000372,ENT-004454
CP-000373,ENT-005701
CP-000374,ENT-007768
CP-000375,ENT-007909
CP-000376,ENT-008017
CP-000377,ENT-001102
CP-000378,ENT-002212
CP-000379,ENT-000822
CP-000380,ENT-000882
CP-000381,ENT-006544
CP-000382,ENT-009182
CP-000383,ENT-003079
CP-000384,ENT-003126
CP-000385,ENT-005631
CP-000386,ENT-004022
CP-000387,ENT-006006
CP-000388,ENT-008432
CP-000389,ENT-007619
CP-000390,ENT-008555
CP-000391,ENT-000588
CP-000392,ENT-002642
CP-000393,ENT-000595
CP-000394,ENT-009542
CP-000395,ENT-001014
CP-000396,ENT-001535
CP-000397,ENT-006008
CP-000398,ENT-005278
CP-000399,ENT-004954
CP-000400,ENT-003322
CP-000401,ENT-007376
CP-000402,ENT-002996
CP-000403,ENT-007234
CP-000404,ENT-001360
CP-000405,ENT-003564
CP-000406,ENT-001485
CP-000407,ENT-001339
CP-000408,ENT-009339
CP-000409,ENT-006864
CP-000410,ENT-003269
CP-000411,ENT-002173
CP-000412,ENT-008791
CP-000413,ENT-003248
CP-000414,ENT-003299
CP-000415,ENT-004969
CP-000416,ENT-008099
CP-000417,ENT-007349
CP-000418,ENT-000775
CP-000419,ENT-007797
CP-000420,ENT-003458
CP-000421,ENT-005709
CP-000422,ENT-000996
CP-000423,ENT-009708
CP-000424,ENT-008511
CP-000425,ENT-008327
CP-000426,ENT-001753
CP-000427,ENT-001532
CP-000428,ENT-008223
CP-000429,ENT-000465
CP-000430,ENT-001352
CP-000431,ENT-001099
CP-000432,ENT-005354
CP-000433,ENT-009363
CP-000434,ENT-002469
CP-000435,ENT-001631
CP-000436,ENT-001896
CP-000437,ENT-009085
CP-000438,ENT-001196
CP-000439,ENT-003732
CP-000440,ENT-007713
CP-000441,ENT-000966
CP-000442,ENT-005541
CP-000443,ENT-000890
CP-000444,ENT-005230
CP-000445,ENT-004281
CP-000446,ENT-008545
CP-000447,ENT-004248
CP-000448,ENT-005396
CP-000449,ENT-000317
CP-000450,ENT-005560
CP-000451,ENT-009645
CP-000452,ENT-000610
CP-000453,ENT-005698
CP-000454,ENT-002635
CP-000455,ENT-009220
CP-000456,ENT-002882
CP-000457,ENT-008395
CP-000458,ENT-001140
CP-000459,ENT-002316
CP-000460,ENT-007197
CP-000461,ENT-000071
CP-000462,ENT-003901
CP-000463,ENT-004203
CP-000464,ENT-006666
CP-000465,ENT-007439
CP-000466,ENT-001557
CP-000467,ENT-005903
CP-000468,ENT-004704
CP-000469,ENT-007665
CP-000470,ENT-001492
CP-000471,ENT-001388
CP-000472,ENT-003330
CP-000473,ENT-005226
CP-000474,ENT-009181
CP-000475,ENT-009193
CP-000476,ENT-004681
CP-000477,ENT-005882
CP-000478,ENT-005706
CP-000479,ENT-001946
CP-000480,ENT-005918
CP-000481,ENT-001687
CP-000482,ENT-003899
CP-000483,ENT-001316
CP-000484,ENT-000737
CP-000485,ENT-004835
CP-000486,ENT-004145
CP-000487,ENT-005517
CP-000488,ENT-004319
CP-000489,ENT-000751
CP-000490,ENT-004634
CP-000491,ENT-006149
CP-000492,ENT-007695
CP-000493,ENT-009815
CP-000494,ENT-009160
CP-000495,ENT-004705
CP-000496,ENT-007312
CP-000497,ENT-005210
CP-000498,ENT-001258
CP-000499,ENT-005193
CP-000500,ENT-001815
CP-000501,ENT-008490
CP-000502,ENT-001497
CP-000503,ENT-002535
CP-000504,ENT-003572
CP-000505,ENT-004808
CP-000506,ENT-006901
CP-000507,ENT-009858
CP-000508,ENT-009514
CP-000509,ENT-004609
CP-000510,ENT-006749
CP-000511,ENT-001781
CP-000512,ENT-008679
CP-000513,ENT-001327
CP-000514,ENT-004894
CP-000515,ENT-000541
CP-000516,ENT-003448
CP-000517,ENT-001052
CP-000518,ENT-001749
CP-000519,ENT-007537
CP-000520,ENT-000326
CP-000521,ENT-009089
CP-000522,ENT-004893
CP-000523,ENT-007885
CP-000524,ENT-000958
CP-000525,ENT-003504
CP-000526,ENT-000352
CP-000527,ENT-007912
CP-000528,ENT-001578
CP-000529,ENT-009764
CP-000530,ENT-007287
CP-000531,ENT-003463
CP-000532,ENT-000973
CP-000533,ENT-005902
CP-000534,ENT-009891
CP-000535,ENT-001304
CP-000536,ENT-003685
CP-000537,ENT-008867
CP-000538,ENT-004914
CP-000539,ENT-004854
CP-000540,ENT-001292
CP-000541,ENT-005174
CP-000542,ENT-004143
CP-000543,ENT-006790
CP-000544,ENT-004927
CP-000545,ENT-008148
CP-000546,ENT-000478
CP-000547,ENT-006317
CP-000548,ENT-003927
CP-000549,ENT-003886
CP-000550,ENT-002077
CP-000551,ENT-006055
CP-000552,ENT-004175
CP-000553,ENT-009877
CP-000554,ENT-009983
CP-000555,ENT-004657
CP-000556,ENT-004028
CP-000557,ENT-001020
CP-000558,ENT-004911
CP-000559,ENT-000617
CP-000560,ENT-002944
CP-000561,ENT-005924
CP-000562,ENT-009017
CP-000563,ENT-003155
CP-000564,ENT-001595
CP-000565,ENT-006081
CP-000566,ENT-004078
CP-000567,ENT-000155
CP-000568,ENT-007696
CP-000569,ENT-006937
CP-000570,ENT-007210
CP-000571,ENT-002296
CP-000572,ENT-000327
CP-000573,ENT-000124
CP-000574,ENT-005068
CP-000575,ENT-001440
CP-000576,ENT-006926
CP-000577,ENT-009916
CP-000578,ENT-003525
CP-000579,ENT-000113
CP-000580,ENT-008450
CP-000581,ENT-003309
CP-000582,ENT-001117
CP-000583,ENT-008116
CP-000584,ENT-006703
CP-000585,ENT-003258
CP-000586,ENT-000002
CP-000587,ENT-002682
CP-000588,ENT-003027
CP-000589,ENT-003000
CP-000590,ENT-007149
CP-000591,ENT-009429
CP-000592,ENT-005816
CP-000593,ENT-007587
CP-000594,ENT-002304
CP-000595,ENT-001984
CP-000596,ENT-003034
CP-000597,ENT-000562
CP-000598,ENT-000215
CP-000599,ENT-003153
CP-000600,ENT-007590
CP-000601,ENT-004545
CP-000602,ENT-004760
CP-000603,ENT-002865
CP-000604,ENT-003350
CP-000605,ENT-003236
CP-000606,ENT-000825
CP-000607,ENT-001068
CP-000608,ENT-005833
CP-000609,ENT-007562
CP-000610,ENT-009579
CP-000611,ENT-000718
CP-000612,ENT-007223
CP-000613,ENT-000967
CP-000614,ENT-005254
CP-000615,ENT-005046
CP-000616,ENT-007260
CP-000617,ENT-005187
CP-000618,ENT-006856
CP-000619,ENT-004410
CP-000620,ENT-004481
CP-000621,ENT-007614
CP-000622,ENT-006738
CP-000623,ENT-004656
CP-000624,ENT-003160
CP-000625,ENT-006420
CP-000626,ENT-009840
CP-000627,ENT-007394
CP-000628,ENT-006087
CP-000629,ENT-001399
CP-000630,ENT-004973
CP-000631,ENT-000296
CP-000632,ENT-001974
CP-000633,ENT-005265
CP-000634,ENT-005504
CP-000635,ENT-002798
CP-000636,ENT-000659
CP-000637,ENT-009850
CP-000638,ENT-006614
CP-000639,ENT-003361
CP-000640,ENT-006456
CP-000641,ENT-001315
CP-000642,ENT-004284
CP-000643,ENT-003553
CP-000644,ENT-007622
CP-000645,ENT-009613
CP-000646,ENT-006174
CP-000647,ENT-005074
CP-000648,ENT-008876
CP-000649,ENT-002577
CP-000650,ENT-000366
CP-000651,ENT-009037
CP-000652,ENT-001927
CP-000653,ENT-007877
CP-000654,ENT-007469
CP-000655,ENT-003763
CP-000656,ENT-008117
CP-000657,ENT-004905
CP-000658,ENT-006243
CP-000659,ENT-009026
CP-000660,ENT-002750
CP-000661,ENT-004591
CP-000662,ENT-008252
CP-000663,ENT-002003
CP-000664,ENT-007528
CP-000665,ENT-006313
CP-000666,ENT-008400
CP-000667,ENT-009469
CP-000668,ENT-002667
CP-000669,ENT-003473
CP-000670,ENT-002620
CP-000671,ENT-009887
CP-000672,ENT-001755
CP-000673,ENT-002983
CP-000674,ENT-009338
CP-000675,ENT-008629
CP-000676,ENT-009365
CP-000677,ENT-007129
CP-000678,ENT-008726
CP-000679,ENT-008427
CP-000680,ENT-002534
CP-000681,ENT-007561
CP-000682,ENT-007226
CP-000683,ENT-003267
CP-000684,ENT-003957
CP-000685,ENT-002094
CP-000686,ENT-002087
CP-000687,ENT-006145
CP-000688,ENT-004908
CP-000689,ENT-009913
CP-000690,ENT-008021
CP-000691,ENT-006927
CP-000692,ENT-008154
CP-000693,ENT-008232
CP-000694,ENT-005154
CP-000695,ENT-007722
CP-000696,ENT-002054
CP-000697,ENT-001656
CP-000698,ENT-007485
CP-000699,ENT-003597
CP-000700,ENT-008199
CP-000701,ENT-003304
CP-000702,ENT-004487
CP-000703,ENT-003892
CP-000704,ENT-007514
CP-000705,ENT-000343
CP-000706,ENT-001432
CP-000707,ENT-009063
CP-000708,ENT-006231
CP-000709,ENT-001964
CP-000710,ENT-002274
CP-000711,ENT-002562
CP-000712,ENT-009208
CP-000713,ENT-009468
CP-000714,ENT-006404
CP-000715,ENT-003969
CP-000716,ENT-007704
CP-000717,ENT-004335
CP-000718,ENT-002133
CP-000719,ENT-006374
CP-000720,ENT-008049
CP-000721,ENT-004742
CP-000722,ENT-001092
CP-000723,ENT-002370
CP-000724,ENT-004265
CP-000725,ENT-001944
CP-000726,ENT-000064
CP-000727,ENT-007380
CP-000728,ENT-006447
CP-000729,ENT-006362
CP-000730,ENT-001511
CP-000731,ENT-007954
CP-000732,ENT-009288
CP-000733,ENT-008036
CP-000734,ENT-000398
CP-000735,ENT-002670
CP-000736,ENT-003514
CP-000737,ENT-007461
CP-000738,ENT-001125
CP-000739,ENT-009218
CP-000740,ENT-004959
CP-000741,ENT-004775
CP-000742,ENT-001777
CP-000743,ENT-009649
CP-000744,ENT-006239
CP-000745,ENT-003069
CP-000746,ENT-007494
CP-000747,ENT-007842
CP-000748,ENT-001607
CP-000749,ENT-004465
CP-000750,ENT-006658
CP-000751,ENT-000218
CP-000752,ENT-007117
CP-000753,ENT-006798
CP-000754,ENT-004561
CP-000755,ENT-002235
CP-000756,ENT-009228
CP-000757,ENT-005324
CP-000758,ENT-009647
CP-000759,ENT-002103
CP-000760,ENT-006849
CP-000761,ENT-008527
CP-000762,ENT-005349
CP-000763,ENT-004564
CP-000764,ENT-005763
CP-000765,ENT-009721
CP-000766,ENT-000998
CP-000767,ENT-008753
CP-000768,ENT-000070
CP-000769,ENT-002622
CP-000770,ENT-004278
CP-000771,ENT-009992
CP-000772,ENT-005395
CP-000773,ENT-004202
CP-000774,ENT-007608
CP-000775,ENT-002570
CP-000776,ENT-000660
CP-000777,ENT-003810
CP-000778,ENT-002406
CP-000779,ENT-003435
CP-000780,ENT-009500
CP-000781,ENT-007502
CP-000782,ENT-004146
CP-000783,ENT-009612
CP-000784,ENT-004961
CP-000785,ENT-000273
CP-000786,ENT-002494
CP-000787,ENT-009639
CP-000788,ENT-004839
CP-000789,ENT-006059
CP-000790,ENT-000286
CP-000791,ENT-008390
CP-000792,ENT-002424
CP-000793,ENT-009313
CP-000794,ENT-006176
CP-000795,ENT-009444
CP-000796,ENT-007915
CP-000797,ENT-007369
CP-000798,ENT-001412
CP-000799,ENT-000801
CP-000800,ENT-000531
CP-000801,ENT-009416
CP-000802,ENT-005150
CP-000803,ENT-004668
CP-000804,ENT-001303
CP-000805,ENT-005412
CP-000806,ENT-009933
CP-000807,ENT-006488
CP-000808,ENT-003796
CP-000809,ENT-009710
CP-000810,ENT-002419
CP-000811,ENT-002932
CP-000812,ENT-005039
CP-000813,ENT-008198
CP-000814,ENT-000107
CP-000815,ENT-008413
CP-000816,ENT-002675
CP-000817,ENT-002204
CP-000818,ENT-009893
CP-000819,ENT-006743
CP-000820,ENT-006421
CP-000821,ENT-000112
CP-000822,ENT-009492
CP-000823,ENT-007068
CP-000824,ENT-003533
CP-000825,ENT-005747
CP-000826,ENT-005843
CP-000827,ENT-005571
CP-000828,ENT-009292
CP-000829,ENT-007021
CP-000830,ENT-007450
CP-000831,ENT-008678
CP-000832,ENT-007363
CP-000833,ENT-003385
CP-000834,ENT-001421
CP-000835,ENT-004853
CP-000836,ENT-008589
CP-000837,ENT-005958
CP-000838,ENT-006011
CP-000839,ENT-002823
CP-000840,ENT-008669
CP-000841,ENT-000309
CP-000842,ENT-009835
CP-000843,ENT-006974
CP-000844,ENT-009210
CP-000845,ENT-002376
CP-000846,ENT-006261
CP-000847,ENT-004430
CP-000848,ENT-000662
CP-000849,ENT-003535
CP-000850,ENT-002998
CP-000851,ENT-007216
CP-000852,ENT-001182
CP-000853,ENT-001646
CP-000854,ENT-001873
CP-000855,ENT-000320
CP-000856,ENT-003577
CP-000857,ENT-006284
CP-000858,ENT-002994
CP-000859,ENT-003059
CP-000860,ENT-002809
CP-000861,ENT-002239
CP-000862,ENT-002442
CP-000863,ENT-005005
CP-000864,ENT-004201
CP-000865,ENT-001119
CP-000866,ENT-004129
CP-000867,ENT-008823
CP-000868,ENT-009730
CP-000869,ENT-002512
CP-000870,ENT-006409
CP-000871,ENT-007753
CP-000872,ENT-003103
CP-000873,ENT-004685
CP-000874,ENT-003035
CP-000875,ENT-007030
CP-000876,ENT-000377
CP-000877,ENT-006418
CP-000878,ENT-006524
CP-000879,ENT-005063
CP-000880,ENT-008948
CP-000881,ENT-004918
CP-000882,ENT-002957
CP-000883,ENT-001586
CP-000884,ENT-003112
CP-000885,ENT-000250
CP-000886,ENT-007421
CP-000887,ENT-000110
CP-000888,ENT-006219
CP-000889,ENT-003698
CP-000890,ENT-003529
CP-000891,ENT-008676
CP-000892,ENT-007345
CP-000893,ENT-008554
CP-000894,ENT-005251
CP-000895,ENT-000382
CP-000896,ENT-007050
CP-000897,ENT-003519
CP-000898,ENT-005689
CP-000899,ENT-002323
CP-000900,ENT-004452
CP-000901,ENT-002018
CP-000902,ENT-008248
CP-000903,ENT-000125
CP-000904,ENT-006206
CP-000905,ENT-003419
CP-000906,ENT-004046
CP-000907,ENT-003544
CP-000908,ENT-005703
CP-000909,ENT-004593
CP-000910,ENT-000974
CP-000911,ENT-000766
CP-000912,ENT-007648
CP-000913,ENT-009569
CP-000914,ENT-001821
CP-000915,ENT-009446
CP-000916,ENT-001106
CP-000917,ENT-008204
CP-000918,ENT-007042
CP-000919,ENT-006557
CP-000920,ENT-006434
CP-000921,ENT-006277
CP-000922,ENT-004221
CP-000923,ENT-000506
CP-000924,ENT-008060
CP-000925,ENT-002270
CP-000926,ENT-000168
CP-000927,ENT-001642
CP-000928,ENT-002940
CP-000929,ENT-006415
CP-000930,ENT-000681
CP-000931,ENT-007078
CP-000932,ENT-001746
CP-000933,ENT-000671
CP-000934,ENT-005181
CP-000935,ENT-007316
CP-000936,ENT-007402
CP-000937,ENT-009590
CP-000938,ENT-004132
CP-000939,ENT-009654
CP-000940,ENT-006289
CP-000941,ENT-001446
CP-000942,ENT-008854
CP-000943,ENT-005542
CP-000944,ENT-003999
CP-000945,ENT-002594
CP-000946,ENT-000834
CP-000947,ENT-008830
CP-000948,ENT-007269
CP-000949,ENT-006507
CP-000950,ENT-007604
CP-000951,ENT-000477
CP-000952,ENT-004691
CP-000953,ENT-007751
CP-000954,ENT-001869
CP-000955,ENT-003653
CP-000956,ENT-003646
CP-000957,ENT-006371
CP-000958,ENT-002896
CP-000959,ENT-002892
CP-000960,ENT-001341
CP-000961,ENT-009948
CP-000962,ENT-009355
CP-000963,ENT-002918
CP-000964,ENT-009435
CP-000965,ENT-000663
CP-000966,ENT-001547
CP-000967,ENT-002941
CP-000968,ENT-005493
CP-000969,ENT-001942
CP-000970,ENT-001572
CP-000971,ENT-006995
CP-000972,ENT-000841
CP-000973,ENT-000745
CP-000974,ENT-009851
CP-000975,ENT-003965
CP-000976,ENT-003738
CP-000977,ENT-009736
CP-000978,ENT-002516
CP-000979,ENT-009552
CP-000980,ENT-000853
CP-000981,ENT-008067
CP-000982,ENT-006878
CP-000983,ENT-001362
CP-000984,ENT-004311
CP-000985,ENT-004399
CP-000986,ENT-001152
CP-000987,ENT-003872
CP-000988,ENT-006382
CP-000989,ENT-005121
CP-000990,ENT-008481
CP-000991,ENT-005599
CP-000992,ENT-002505
CP-000993,ENT-006378
CP-000994,ENT-005686
CP-000995,ENT-008882
CP-000996,ENT-009307
CP-000997,ENT-009776
CP-000998,ENT-004738
CP-000999,ENT-009122
CP-001011,ENT-000100
CP-001014,ENT-000121
CP-001147,ENT-000170
CP-001419,ENT-000056
CP-001508,ENT-000083
CP-001686,ENT-000134
CP-001736,ENT-000177
CP-002318,ENT-000145
CP-002346,ENT-000128
CP-002375,ENT-000158
CP-002745,ENT-000039
CP-002782,ENT-000086
CP-002814,ENT-000038
CP-002850,ENT-000144
CP-002881,ENT-000063
CP-003003,ENT-000176
CP-003197,ENT-000003
CP-003330,ENT-000004
CP-003391,ENT-000084
CP-003394,ENT-000195
CP-003462,ENT-000166
CP-003471,ENT-000080
CP-003538,ENT-000102
CP-003747,ENT-000122
CP-003928,ENT-000073
CP-003972,ENT-000016
CP-004177,ENT-000129
CP-004207,ENT-000042
CP-004786,ENT-000066
CP-004804,ENT-000079
CP-004841,ENT-000167
CP-005739,ENT-000136
CP-006013,ENT-000159
CP-006047,ENT-000077
CP-006095,ENT-000169
CP-006258,ENT-000135
CP-006329,ENT-000157
CP-006673,ENT-000055
CP-006769,ENT-000193
CP-006924,ENT-000182
CP-007179,ENT-000118
CP-007452,ENT-000175
CP-007693,ENT-000115
CP-008225,ENT-000180
CP-009061,ENT-000054
CP-INJECT-EX-0000,ENT-007117
CP-INJECT-EX-0001,ENT-001233
CP-INJECT-EX-0002,ENT-003435
CP-INJECT-EX-0003,ENT-009815
CP-INJECT-EX-0004,ENT-007619
CP-INJECT-EX-0005,ENT-006081
CP-INJECT-EX-0006,ENT-006974
CP-INJECT-EX-0007,ENT-003552
CP-INJECT-EX-0008,ENT-009017
CP-INJECT-EX-0009,ENT-001511
CP-INJECT-EX-0010,ENT-009507
CP-INJECT-EX-0011,ENT-002941
CP-INJECT-EX-0012,ENT-004835
CP-INJECT-EX-0013,ENT-007514
CP-INJECT-EX-0014,ENT-002622
CP-INJECT-EX-0015,ENT-005827
CP-INJECT-EX-0016,ENT-009350
CP-INJECT-EX-0017,ENT-003153
CP-INJECT-EX-0018,ENT-001474
CP-INJECT-EX-0019,ENT-007269
